{
  "HTTP Request-2" : {
    "transaction" : "HTTP Request-2",
    "sampleCount" : 998,
    "errorCount" : 0,
    "errorPct" : 0.0,
    "meanResTime" : 92.60020040080164,
    "medianResTime" : 77.0,
    "minResTime" : 34.0,
    "maxResTime" : 295.0,
    "pct1ResTime" : 164.0,
    "pct2ResTime" : 194.0,
    "pct3ResTime" : 236.03999999999996,
    "throughput" : 66.4890073284477,
    "receivedKBytesPerSec" : 15090.797020736176,
    "sentKBytesPerSec" : 8.440987258494337
  },
  "HTTP Request-1" : {
    "transaction" : "HTTP Request-1",
    "sampleCount" : 1000,
    "errorCount" : 2,
    "errorPct" : 0.2,
    "meanResTime" : 117.47700000000017,
    "medianResTime" : 63.0,
    "minResTime" : 28.0,
    "maxResTime" : 24657.0,
    "pct1ResTime" : 114.89999999999998,
    "pct2ResTime" : 134.0,
    "pct3ResTime" : 165.0,
    "throughput" : 27.235340577933925,
    "receivedKBytesPerSec" : 12.228455143394068,
    "sentKBytesPerSec" : 3.4772401918729745
  },
  "Total" : {
    "transaction" : "Total",
    "sampleCount" : 3998,
    "errorCount" : 4,
    "errorPct" : 0.100050025,
    "meanResTime" : 126.83716858429199,
    "medianResTime" : 72.0,
    "minResTime" : 14.0,
    "maxResTime" : 24718.0,
    "pct1ResTime" : 204.0999999999999,
    "pct2ResTime" : 260.0,
    "pct3ResTime" : 420.00999999999976,
    "throughput" : 108.70629180488335,
    "receivedKBytesPerSec" : 12373.01023200011,
    "sentKBytesPerSec" : 20.789751175974768
  },
  "HTTP Request-0" : {
    "transaction" : "HTTP Request-0",
    "sampleCount" : 1000,
    "errorCount" : 0,
    "errorPct" : 0.0,
    "meanResTime" : 43.481999999999985,
    "medianResTime" : 37.5,
    "minResTime" : 14.0,
    "maxResTime" : 147.0,
    "pct1ResTime" : 73.0,
    "pct2ResTime" : 87.0,
    "pct3ResTime" : 108.98000000000002,
    "throughput" : 66.65333599946676,
    "receivedKBytesPerSec" : 37.687774945011,
    "sentKBytesPerSec" : 8.526940445244284
  },
  "HTTP Request" : {
    "transaction" : "HTTP Request",
    "sampleCount" : 1000,
    "errorCount" : 2,
    "errorPct" : 0.2,
    "meanResTime" : 253.72100000000015,
    "medianResTime" : 178.0,
    "minResTime" : 96.0,
    "maxResTime" : 24718.0,
    "pct1ResTime" : 350.9,
    "pct2ResTime" : 409.0,
    "pct3ResTime" : 462.99,
    "throughput" : 27.190168035238457,
    "receivedKBytesPerSec" : 6186.505116000055,
    "sentKBytesPerSec" : 10.394875587987384
  }
}